likeNum,quote,url
1,要想看透一个人，先从了解他的气质类型开始吧！,http://www.jianshu.com/p/53015cdab93e#comments
0,不爱他了，才发现他很丑，还很普通,http://www.jianshu.com/p/ce700c4bd3ee
0,和一个深爱的人谈一场19天的假恋爱,http://www.jianshu.com/p/d54843cb7124
1,我每年读300本书，我的阅读方法是这个··· ···,http://www.jianshu.com/p/62c10583d434
3,我今天非要把《解忧杂货店》扒个通透！,http://www.jianshu.com/p/bbea3d84f9e3
0,手机摄影/清明雨上,http://www.jianshu.com/p/86a17d842de3
0,你根本没有丧失喜欢一个人的能力,http://www.jianshu.com/p/b72a2ee8d760#comments
0,《狼图腾》里，到底写了哪几种狼？,http://www.jianshu.com/p/d497d2292f97
3,王小波在黑暗中的冷笑，显得很幽默,http://www.jianshu.com/p/badc7255349f
2,第一次画水彩，你也可以。,http://www.jianshu.com/p/6455c48c9fc8
2,死去的仍在呐喊！活着的难道还要继续沉默？,http://www.jianshu.com/p/eea2a51b0c33#comments
3,我为什么坚持每天读书,http://www.jianshu.com/p/c38e55c83ff3
0,而今我认识的姑娘，十个有八个在听李健了,http://www.jianshu.com/p/0cb373ac73f4
0,Markdown简单实用入门语法,http://www.jianshu.com/p/791cdfe3bb30
1,能够让你理财生钱的APP,http://www.jianshu.com/p/190c4bb37b16
2,忆江南（双调，三平韵）,http://www.jianshu.com/p/35216c76bb6c
0,【连载】《桀火录》之风云乍起：（69）古墓（三）,http://www.jianshu.com/p/f1bd482d8d29#comments
1,紫霞仙子彩绘，分步,http://www.jianshu.com/p/e008a195f4d9
3,给简书找BUG赢好礼17.04.11——简书iOS 3.5.0 公测【 App内支持提现/创作流程优化】,http://www.jianshu.com/p/eb86cdb3aa80#comments
0,凌晨三点准时出现的女友,http://www.jianshu.com/p/9163a5160703
likeNum,quote,url
1,我每年读300本书，我的阅读方法是这个··· ···,http://www.jianshu.com/p/62c10583d434
0,你根本没有丧失喜欢一个人的能力,http://www.jianshu.com/p/b72a2ee8d760#comments
1,能够让你理财生钱的APP,http://www.jianshu.com/p/190c4bb37b16
2,忆江南（双调，三平韵）,http://www.jianshu.com/p/35216c76bb6c
0,Markdown简单实用入门语法,http://www.jianshu.com/p/791cdfe3bb30
3,我为什么坚持每天读书,http://www.jianshu.com/p/c38e55c83ff3
0,【连载】《桀火录》之风云乍起：（69）古墓（三）,http://www.jianshu.com/p/f1bd482d8d29#comments
2,死去的仍在呐喊！活着的难道还要继续沉默？,http://www.jianshu.com/p/eea2a51b0c33#comments
0,而今我认识的姑娘，十个有八个在听李健了,http://www.jianshu.com/p/0cb373ac73f4
1,紫霞仙子彩绘，分步,http://www.jianshu.com/p/e008a195f4d9
1,要想看透一个人，先从了解他的气质类型开始吧！,http://www.jianshu.com/p/53015cdab93e#comments
0,《红楼梦》里错乱的男女关系,http://www.jianshu.com/p/6a34bcc03092
3,给简书找BUG赢好礼17.04.11——简书iOS 3.5.0 公测【 App内支持提现/创作流程优化】,http://www.jianshu.com/p/eb86cdb3aa80#comments
0,梦回《大话西游》，我的意中人是盖世英雄,http://www.jianshu.com/p/9c5e56acd272
0,凌晨三点准时出现的女友,http://www.jianshu.com/p/9163a5160703
2,普通上班族，可以实现财务自由吗,http://www.jianshu.com/p/0209d9d61d4d
0,不爱他了，才发现他很丑，还很普通,http://www.jianshu.com/p/ce700c4bd3ee
3,王小波在黑暗中的冷笑，显得很幽默,http://www.jianshu.com/p/badc7255349f
0,和一个深爱的人谈一场19天的假恋爱,http://www.jianshu.com/p/d54843cb7124
3,我今天非要把《解忧杂货店》扒个通透！,http://www.jianshu.com/p/bbea3d84f9e3
quote,url,likeNum
不爱他了，才发现他很丑，还很普通,http://www.jianshu.com/p/ce700c4bd3ee,0
忆江南（双调，三平韵）,http://www.jianshu.com/p/35216c76bb6c,2
我为什么坚持每天读书,http://www.jianshu.com/p/c38e55c83ff3,3
你根本没有丧失喜欢一个人的能力,http://www.jianshu.com/p/b72a2ee8d760#comments,0
能够让你理财生钱的APP,http://www.jianshu.com/p/190c4bb37b16,1
Markdown简单实用入门语法,http://www.jianshu.com/p/791cdfe3bb30,0
死去的仍在呐喊！活着的难道还要继续沉默？,http://www.jianshu.com/p/eea2a51b0c33#comments,2
我每年读300本书，我的阅读方法是这个··· ···,http://www.jianshu.com/p/62c10583d434,1
【连载】《桀火录》之风云乍起：（69）古墓（三）,http://www.jianshu.com/p/f1bd482d8d29#comments,0
《红楼梦》里错乱的男女关系,http://www.jianshu.com/p/6a34bcc03092,0
紫霞仙子彩绘，分步,http://www.jianshu.com/p/e008a195f4d9,1
要想看透一个人，先从了解他的气质类型开始吧！,http://www.jianshu.com/p/53015cdab93e#comments,1
普通上班族，可以实现财务自由吗,http://www.jianshu.com/p/0209d9d61d4d,2
给简书找BUG赢好礼17.04.11——简书iOS 3.5.0 公测【 App内支持提现/创作流程优化】,http://www.jianshu.com/p/eb86cdb3aa80#comments,3
凌晨三点准时出现的女友,http://www.jianshu.com/p/9163a5160703,0
而今我认识的姑娘，十个有八个在听李健了,http://www.jianshu.com/p/0cb373ac73f4,0
梦回《大话西游》，我的意中人是盖世英雄,http://www.jianshu.com/p/9c5e56acd272,0
和一个深爱的人谈一场19天的假恋爱,http://www.jianshu.com/p/d54843cb7124,0
王小波在黑暗中的冷笑，显得很幽默,http://www.jianshu.com/p/badc7255349f,3
我今天非要把《解忧杂货店》扒个通透！,http://www.jianshu.com/p/bbea3d84f9e3,3
quote,likeNum,url
王小波在黑暗中的冷笑，显得很幽默,3,http://www.jianshu.com/p/badc7255349f
不爱他了，才发现他很丑，还很普通,0,http://www.jianshu.com/p/ce700c4bd3ee
和一个深爱的人谈一场19天的假恋爱,0,http://www.jianshu.com/p/d54843cb7124
你根本没有丧失喜欢一个人的能力,0,http://www.jianshu.com/p/b72a2ee8d760#comments
死去的仍在呐喊！活着的难道还要继续沉默？,2,http://www.jianshu.com/p/eea2a51b0c33#comments
梦回《大话西游》，我的意中人是盖世英雄,0,http://www.jianshu.com/p/9c5e56acd272
我今天非要把《解忧杂货店》扒个通透！,3,http://www.jianshu.com/p/bbea3d84f9e3
我每年读300本书，我的阅读方法是这个··· ···,1,http://www.jianshu.com/p/62c10583d434
我为什么坚持每天读书,3,http://www.jianshu.com/p/c38e55c83ff3
Markdown简单实用入门语法,0,http://www.jianshu.com/p/791cdfe3bb30
能够让你理财生钱的APP,1,http://www.jianshu.com/p/190c4bb37b16
忆江南（双调，三平韵）,2,http://www.jianshu.com/p/35216c76bb6c
而今我认识的姑娘，十个有八个在听李健了,0,http://www.jianshu.com/p/0cb373ac73f4
【连载】《桀火录》之风云乍起：（69）古墓（三）,0,http://www.jianshu.com/p/f1bd482d8d29#comments
紫霞仙子彩绘，分步,1,http://www.jianshu.com/p/e008a195f4d9
《红楼梦》里错乱的男女关系,0,http://www.jianshu.com/p/6a34bcc03092
要想看透一个人，先从了解他的气质类型开始吧！,1,http://www.jianshu.com/p/53015cdab93e#comments
凌晨三点准时出现的女友,0,http://www.jianshu.com/p/9163a5160703
普通上班族，可以实现财务自由吗,2,http://www.jianshu.com/p/0209d9d61d4d
给简书找BUG赢好礼17.04.11——简书iOS 3.5.0 公测【 App内支持提现/创作流程优化】,3,http://www.jianshu.com/p/eb86cdb3aa80#comments
likeNum,quote,url
1,紫霞仙子彩绘，分步,http://www.jianshu.com/p/e008a195f4d9
3,给简书找BUG赢好礼17.04.11——简书iOS 3.5.0 公测【 App内支持提现/创作流程优化】,http://www.jianshu.com/p/eb86cdb3aa80#comments
0,梦回《大话西游》，我的意中人是盖世英雄,http://www.jianshu.com/p/9c5e56acd272
3,王小波在黑暗中的冷笑，显得很幽默,http://www.jianshu.com/p/badc7255349f
0,和一个深爱的人谈一场19天的假恋爱,http://www.jianshu.com/p/d54843cb7124
0,凌晨三点准时出现的女友,http://www.jianshu.com/p/9163a5160703
1,要想看透一个人，先从了解他的气质类型开始吧！,http://www.jianshu.com/p/53015cdab93e#comments
2,普通上班族，可以实现财务自由吗,http://www.jianshu.com/p/0209d9d61d4d
3,我今天非要把《解忧杂货店》扒个通透！,http://www.jianshu.com/p/bbea3d84f9e3
0,不爱他了，才发现他很丑，还很普通,http://www.jianshu.com/p/ce700c4bd3ee
2,忆江南（双调，三平韵）,http://www.jianshu.com/p/35216c76bb6c
2,死去的仍在呐喊！活着的难道还要继续沉默？,http://www.jianshu.com/p/eea2a51b0c33#comments
0,你根本没有丧失喜欢一个人的能力,http://www.jianshu.com/p/b72a2ee8d760#comments
1,我每年读300本书，我的阅读方法是这个··· ···,http://www.jianshu.com/p/62c10583d434
0,Markdown简单实用入门语法,http://www.jianshu.com/p/791cdfe3bb30
0,【连载】《桀火录》之风云乍起：（69）古墓（三）,http://www.jianshu.com/p/f1bd482d8d29#comments
3,我为什么坚持每天读书,http://www.jianshu.com/p/c38e55c83ff3
0,而今我认识的姑娘，十个有八个在听李健了,http://www.jianshu.com/p/0cb373ac73f4
1,能够让你理财生钱的APP,http://www.jianshu.com/p/190c4bb37b16
0,《红楼梦》里错乱的男女关系,http://www.jianshu.com/p/6a34bcc03092
quote,likeNum,url
《红楼梦》里错乱的男女关系,0,http://www.jianshu.com/p/6a34bcc03092
给简书找BUG赢好礼17.04.11——简书iOS 3.5.0 公测【 App内支持提现/创作流程优化】,3,http://www.jianshu.com/p/eb86cdb3aa80#comments
紫霞仙子彩绘，分步,1,http://www.jianshu.com/p/e008a195f4d9
而今我认识的姑娘，十个有八个在听李健了,0,http://www.jianshu.com/p/0cb373ac73f4
要想看透一个人，先从了解他的气质类型开始吧！,1,http://www.jianshu.com/p/53015cdab93e#comments
凌晨三点准时出现的女友,0,http://www.jianshu.com/p/9163a5160703
普通上班族，可以实现财务自由吗,2,http://www.jianshu.com/p/0209d9d61d4d
梦回《大话西游》，我的意中人是盖世英雄,0,http://www.jianshu.com/p/9c5e56acd272
王小波在黑暗中的冷笑，显得很幽默,3,http://www.jianshu.com/p/badc7255349f
我每年读300本书，我的阅读方法是这个··· ···,1,http://www.jianshu.com/p/62c10583d434
你根本没有丧失喜欢一个人的能力,0,http://www.jianshu.com/p/b72a2ee8d760#comments
不爱他了，才发现他很丑，还很普通,0,http://www.jianshu.com/p/ce700c4bd3ee
死去的仍在呐喊！活着的难道还要继续沉默？,2,http://www.jianshu.com/p/eea2a51b0c33#comments
和一个深爱的人谈一场19天的假恋爱,0,http://www.jianshu.com/p/d54843cb7124
我今天非要把《解忧杂货店》扒个通透！,3,http://www.jianshu.com/p/bbea3d84f9e3
Markdown简单实用入门语法,0,http://www.jianshu.com/p/791cdfe3bb30
【连载】《桀火录》之风云乍起：（69）古墓（三）,0,http://www.jianshu.com/p/f1bd482d8d29#comments
能够让你理财生钱的APP,1,http://www.jianshu.com/p/190c4bb37b16
我为什么坚持每天读书,3,http://www.jianshu.com/p/c38e55c83ff3
忆江南（双调，三平韵）,2,http://www.jianshu.com/p/35216c76bb6c
url,quote,likeNum
http://www.jianshu.com/p/5d736190b7ac,手机修图技巧︱几个步骤，照片变成电影。,0
http://www.jianshu.com/p/52afd697fbe6,文本编辑利器：Sublime Text3 ，完全操作指南,0
http://www.jianshu.com/p/eb86cdb3aa80#comments,给简书找BUG赢好礼17.04.11——简书iOS 3.5.0 公测【 App内支持提现/创作流程优化】,3
http://www.jianshu.com/p/5791a33f83dd,【谈写作征文】母亲与木槿花,7
http://www.jianshu.com/p/7053763222fa,顾小北，从你的全世界路过,0
http://www.jianshu.com/p/5ada03dccb86#comments,以《人民的名义》看达康书记背的那些锅，这才叫大智若愚,0
http://www.jianshu.com/p/d29c0f0f5de4,厦门游|为什么攻略不告诉我们这些“坑”,0
http://www.jianshu.com/p/32d17c5bf574,你来过一阵子，我怀念一辈子,0
http://www.jianshu.com/p/eeee7966e43a,零基础写作，坚持半年，我收获了什么？,4
http://www.jianshu.com/p/50b5c9b69ba0,你为什么狠不下心卸掉王者荣耀？,3
http://www.jianshu.com/p/f69bb6eebb47,公开写作，应该不写什么内容？,1
http://www.jianshu.com/p/53015cdab93e#comments,要想看透一个人，先从了解他的气质类型开始吧！,1
http://www.jianshu.com/p/0209d9d61d4d,普通上班族，可以实现财务自由吗,2
http://www.jianshu.com/p/9e46e1c605e7,大学，在旅行｜拥有这些技能，你也能在大学走万里路。,0
http://www.jianshu.com/p/eefa063d3b94,一入腐门深似海，从此节操是路人｜耽美小说推荐第一期,0
http://www.jianshu.com/p/5f81022f6c6b,组诗：平静的日子最杀人,9
http://www.jianshu.com/p/6f4055c05bee,大学，在旅行| 我的武汉尬旅,2
http://www.jianshu.com/p/ff150cadbc62,三月书单,0
http://www.jianshu.com/p/62c10583d434,我每年读300本书，我的阅读方法是这个··· ···,1
http://www.jianshu.com/p/457e34442c32,你不敢重新开始，还想要第二种人生?,0
